MOF Water Capture (All Counties),https://raw.githubusercontent.com/ModelEarth/RealityStream/main/parameters/parameters-mof.yaml
MOF Datacenter Locations (5 States),https://raw.githubusercontent.com/ModelEarth/RealityStream/main/parameters/parameters-datacenter-locations.yaml
MOF Optimization (Integrated Dataset),https://raw.githubusercontent.com/ModelEarth/RealityStream/main/parameters/parameters-mof-optimization.yaml
Bee Density (ME & NY 2021 NAICS-2),https://raw.githubusercontent.com/ModelEarth/RealityStream/main/parameters/parameters-simple.yaml
Bee Density (ME & NY 2017-2021 NAICS-6),https://raw.githubusercontent.com/ModelEarth/RealityStream/main/parameters/parameters.yaml
Forest Canopy (All States),https://raw.githubusercontent.com/ModelEarth/RealityStream/main/parameters/parameters-canopy-all-states.yaml
Google Data Commons (GDC),https://raw.githubusercontent.com/ModelEarth/RealityStream/main/parameters/parameters-gdc.yaml
Industries by Zip Code,https://raw.githubusercontent.com/ModelEarth/RealityStream/main/parameters/parameters-zip.yaml
Eye Blinks,https://raw.githubusercontent.com/ModelEarth/RealityStream/main/parameters/parameters-blinks.yaml
Bee All-Years (MN),https://raw.githubusercontent.com/ThousifMd/realitystream/main/parameters/parameters-all-years-bees-MN.yaml
MOF Water Capture (Features & Targets),https://raw.githubusercontent.com/varunsripad123/realitystream/main/parameters/parameters-mof.yaml
MOF Water Capture (Datacenter Locations),https://raw.githubusercontent.com/varunsripad123/realitystream/main/parameters/parameters-datacenter-locations.yaml
MOF Water Capture (Optimization),https://raw.githubusercontent.com/varunsripad123/realitystream/main/parameters/parameters-mof-optimization.yaml
Data Pull GDC UN, https://github.com/ModelEarth/realitystream/blob/main/parameters/parameters_un_gcd.yaml
